name,category,style_tags,description,use_cases,anti_patterns,examples
Split Hero Asymmetric,hero,minimal dark luxury editorial,"Broken-grid hero with image left and copy right offset by 32px vertical misalignment — one column wider than the other.","SaaS product launch, luxury brand, portfolio","Avoid on data-heavy dashboards where information density matters. Don't overuse for multiple sections.",Stripe.com homepage | Linear.app homepage | Vercel.com homepage | Coinbase homepage
Full Bleed Hero with Overlay,hero,dark cinematic immersive,"Edge-to-edge background image/video with text overlay at bottom-left. Text reads over gradient scrim.","Creative agency, film portfolio, luxury brand","Ensure text contrast over image (WCAG AA). Don't use without mobile fallback.",Apple.com iPhone pages | Netflix.com | Spotify.com year-end campaign
Centered Text Hero,hero,playful enterprise b2b,"Copy and CTA centered vertically and horizontally. Background is solid color or subtle gradient.","SaaS landing page, newsletter signup, product launch","Add enough whitespace (200px+ top/bottom). Don't put too much text — max 2 lines of copy.",Notion.so homepage | Slack.com homepage | GitHub.com homepage
Animated Text Hero,hero,kinetic editorial bold,"Text morphs, types, or transitions on load. Can include rotating headlines or typewriter effect.","Product showcase, creative agency, portfolio","Keep animation under 3 seconds. Don't auto-play without purpose. Don't use on mobile if janky.",Apple.com product pages | Raycast.com homepage | Linear changelog page
Bento Grid Features,features,minimal luxury editorial dark,"Cards arranged in uneven grid with varying sizes — some 2x, some 1x. Asymmetric but intentional.","Feature showcase, product landing, pricing comparison","Don't make all cards same size (that's just a grid). Keep visual hierarchy clear.",Apple.com MacBook/iPhone features | Linear.app features | Snapchat.com app features
Staggered Card Flow,features,playful bold colorful,"Cards overlap slightly or are offset diagonally. Creates sense of depth and movement.","Creative features showcase, portfolio, agency","Don't overlap text content. Only overlap decorative elements or card edges.",Discord.com Nitro features | Notion.so features | Calm.com features
Side-by-Side Feature,features,enterprise minimal b2b,"Two-column layout: image/illustration on one side, copy on other. Alternates per feature row.","SaaS features with screenshots, dashboard preview","Alternate left/right placement per row. Don't repeat same layout 3+ times.",Stripe.com features | Figma.com features | Linear features
Scroll-Triggered Animation,features,kinetic editorial dark,"Content reveals on scroll — fade up, slide in, parallax layers. Adds depth to long pages.","Feature walkthrough, product story, portfolio","Don't animate everything (pick 3-5 key moments). Don't use parallax on mobile.",Apple.com product pages | Stripe.com homepage | Spotify.com Wrapped
Feature Stack Vertical,features,enterprise saas minimal,"Full-width cards stacked vertically with consistent 80px spacing. Each card has headline + description.","Long-form feature pages, documentation, landing","Don't exceed 5 stack items. Add visual break (illustration, screenshot) every 2-3 items.",Notion.so features | GitHub.com features | Atlassian features
Pricing 3-Tier Grid,pricing,minimal saas enterprise,"Three cards side-by-side with middle card highlighted (border, size, or color). Most common pattern.","SaaS pricing comparison, service tiers","Middle card must be visually elevated. Don't make all three identical. Add annual/monthly toggle.",Stripe.com pricing | Linear pricing | Vercel.com pricing
Feature Comparison Table,pricing,enterprise b2b saas,"Horizontal table with checkmarks and feature names. Rows for features, columns for plans.","Complex pricing with many features, enterprise sales","Don't use for <5 features (use cards instead). Don't hide important features below fold.",GitHub.com pricing | Atlassian pricing | Shopify.com pricing
Simple 2-Tier,pricing,minimal bold luxury,"Only two options side by side. One is recommended. Reduces decision paralysis.","Simple service offerings, consultation pricing","Make the recommended option visually obvious. Don't add a third option just because.",Stripe.com simple pricing | Cal.com pricing | Ghost.org pricing
Social Proof Carousel,trust,playful b2b saas,"Horizontal scrolling logos or testimonials. Auto-scrolls or user-swipes. Logos in grayscale.","Building trust before pricing CTA, enterprise landing","Keep auto-scroll slow (30s+). Don't use blurry logos. Don't exceed 12 logos.",HubSpot.com | Freshworks.com | Intercom.com
Testimonial Feature Block,trust,editorial luxury minimal,"Single large testimonial with photo, name, title. Full-width block between sections.","High-converting landing pages, authority building","Use real headshots (not stock). Keep quote under 200 chars. Don't use generic praise.",Apple.com customer stories | Stripe.com user stories | Shopify.com merchants
Case Study Card,trust,enterprise b2b saas,"Card with company logo, result metric, and 2-sentence summary. Links to full case study.","B2B landing pages, SaaS conversion pages","Include specific metric (not just 'improved'). Don't use unnamed companies.",HubSpot.com case studies | Salesforce.com stories | Notion.so customer stories
Logo Wall (Grayscale),trust,enterprise saas minimal,"Dense grid of customer/company logos in grayscale. No color. Uniform sizing.","Enterprise landing pages, investor decks","Grayscale only — color logos clash. Don't include tiny logos. Don't use competitors' logos.",Stripe.com customer logos | Linear.app customers | GitHub.com customers
Editorial Longform,layout,editorial minimal luxury,"Full-width typography-driven layout. Wide body text (680px max-width) with generous line-height.","Blog posts, brand storytelling, content pages","Don't use for app UIs. Max-width must be 680-720px for readability.",Medium.com | Substack.com | Apple Newsroom
Masonry Grid,layout,playful creative portfolio,"Cards arranged in Pinterest-style columns with varying heights. No strict row alignment.","Gallery, portfolio, image showcase, product catalog","Don't use for text-heavy content. Keep card widths consistent even if heights vary.",Pinterest.com | Unsplash.com | Dribbble.com
Sidebar Navigation,layout,enterprise saas dashboard,"Fixed sidebar (240-280px) with main content area. Sidebar has nav items, possibly collapsible.","Dashboard, admin panel, complex app with many sections","Don't make sidebar wider than 300px. Collapsible on mobile. Group related items.",Notion.so | Linear.app | Figma.com | GitHub.com
Top Navigation Bar,layout,minimal saas enterprise,"Fixed header (64-80px) with logo left, nav center, CTA right. Transparent on hero, solid on scroll.","Landing pages, marketing sites, most SaaS apps","Don't hide nav on scroll. Don't use hamburger for <6 items. Add backdrop-blur on scroll.",Vercel.com | Stripe.com | Linear.app
Sticky Section (Scroll Spy),layout,editorial dark kinetic,"Section that stays fixed while other content scrolls over it. Used for product tours or comparisons.","Product comparisons, interactive demos, long pages","Don't use on short pages. Keep fixed section under 100vh. Don't block content.",Apple.com iPhone comparison | Linear changelog | Stripe documentation
Full-Width Image Section,layout,luxury editorial cinematic,"Full-bleed image with text overlay or adjacent text. No container constraints.","Brand storytelling, photography portfolio, product showcase","Ensure image has text variant for contrast. Don't stretch low-res images.",Apple.com product pages | Nike.com editorial | Samsung.com product pages
Bento Dashboard,dashboard,dark minimal enterprise,"Multi-size card grid for dashboard overview. KPIs large, charts medium, lists small.","Analytics dashboards, admin panels, monitoring tools","Don't overload with data. Keep consistent card spacing. Use consistent chart style.",Linear.app dashboard | Vercel.com analytics | Grafana dashboards
Sidebar + Content,dashboard,enterprise saas minimal,"Left sidebar (200-260px) for navigation, right content area. Sidebar may have user info at bottom.","Complex apps with nested navigation, settings pages","Don't use for 3-level navigation (add breadcrumbs). Collapsible sidebar for content-heavy.",Figma.com | Slack.com desktop | GitHub.com repository view
Command Palette Layout,dashboard,dark minimal kinetic,"Full-screen overlay with centered search bar and command list. Keyboard-first interaction.","Power user tools, creative apps, developer tools","Don't make the only way to navigate. Add keyboard shortcut indicator. Show recent commands.",Linear.app | Notion.so | Raycast.com | Figma.com
Settings Panel,dashboard,enterprise saas minimal,"Form-based settings in left tab list + right content panel. Categories on left, fields on right.","User settings, admin, configuration pages","Don't put all settings on one scroll. Group logically. Add save/discard for dirty state.",GitHub.com settings | Notion.so settings | Stripe.com dashboard settings
Content Footer,footer,minimal enterprise saas,"Multi-column footer with link groups, social icons, copyright. Background darker than main content.","Every landing page, marketing site","Don't make footer an afterthought. Include legal links. Don't use tiny text (<12px).",Stripe.com footer | Vercel.com footer | Linear.app footer
Sticky Footer CTA,cta,minimal bold enterprise,"Bottom bar (fixed or sticky) with CTA button that stays visible while scrolling. Used for conversion.","Landing pages, pricing pages, sign-up flows","Don't use on short pages (<3 screen heights). Don't cover content on mobile. Max-height 80px.",Cal.com booking | Stripe.com pricing signup | Linear.app pricing
Side CTA Block,cta,editorial luxury b2b,"Full-width colored block with CTA on one side and copy on other. Used as section break between content sections.","Newsletter sign-up, trial offer, feature highlight","Don't use more than 2 per page. Don't use same color for every CTA block.",Linear.app changelog CTA | Notion.so upgrade block | HubSpot.com demo CTA
Inline CTA (Contextual),cta,minimal saas enterprise,"Small CTA button placed within content — at end of feature description or after testimonial.","Long-form landing pages, blog posts, feature pages","Don't make it bigger than the primary CTA. Keep it relevant to surrounding content.",Stripe.com feature sections | Linear.app feature pages | Notion.so docs pages
Single-Step Form,forms,minimal enterprise saas,"Single form with 3-5 fields, visible labels, inline validation. Clean layout with clear CTA.","Newsletter signup, contact form, simple registration","Don't exceed 5 fields. Don't use placeholder-only labels. Don't hide error messages.",Stripe.com checkout | Linear.app signup | Cal.com booking
Multi-Step Wizard,forms,enterprise saas minimal,"Progress indicator at top, one logical group per step, back/next navigation. State preserved on back.","Onboarding flows, complex signup, checkout, profile setup","Don't lose state on back. Don't skip progress indicator. Don't allow jump-ahead without validation.",Stripe.com onboarding | Notion.so setup | Figma.com onboarding
Inline Validation Form,forms,minimal saas enterprise,"Real-time validation on blur (not keystroke). Error below field. Success checkmark.","Settings forms, profile editing, any form with async validation","Don't validate on keystroke (noisy). Don't show errors before user interacts. Don't use red for everything — use semantic colors.",GitHub.com settings | Linear.app settings | Vercel.com dashboard
File Upload Zone,forms,minimal enterprise saas,"Drag-and-drop zone with dashed border. File type + size validation. Preview for images. Progress bar for uploads.","Profile avatar, document upload, media management","Don't accept files without validation. Don't upload without progress feedback. Don't allow multiple uploads without queue management.",Notion.so file upload | Figma.com file import | Dropbox.com upload
Split-Screen Auth,auth,minimal dark luxury,"Left panel: brand imagery/headline. Right panel: auth form. 50/50 or 60/40 split.","SaaS signup, premium products, branded experiences","Don't use stock photos. Don't make form too wide (>400px). Don't hide social login below fold.",Linear.app login | Vercel.com login | Stripe.com login
Centered Card Auth,auth,minimal saas enterprise,"Centered card (max-width 400px) on neutral background. Logo top, form middle, social login bottom.","Most SaaS apps, internal tools, admin panels","Don't make card too wide. Don't use colored background that clashes with brand. Don't forget 'forgot password' link.",Notion.so login | GitHub.com login | Slack.com login
Passwordless Auth,auth,minimal saas modern,"Email-only input. Magic link or OTP sent. No password field. Clear instructions after submit.","Modern SaaS, developer tools, low-friction signup","Don't reveal whether email exists. Don't auto-submit on enter without confirmation. Don't forget to mention 'check your email' with spam folder hint.",Linear.app passwordless | Raycast.com login | Vercel.com login
Progress Stepper,onboarding,minimal saas enterprise,"Numbered steps (1/5, 2/5...) at top. Current step highlighted. Back/Next at bottom.","Setup wizards, profile completion, multi-step forms","Don't skip step numbers. Don't make steps non-clickable (allow jump-back). Don't lose progress on refresh.",Stripe.com onboarding | Notion.so setup | Linear.app onboarding
Interactive Tutorial,onboarding,playful kinetic saas,"Overlay tooltips pointing to UI elements. 'Next' button advances. 'Skip' always visible.","Feature discovery, new user walkthrough, complex app introduction","Don't block entire UI. Don't show on every visit. Don't make tooltips too long. Always allow skip.",Figma.com tutorial | Intercom.com onboarding | Product tour examples
Checklist Sidebar,onboarding,minimal enterprise saas,"Fixed sidebar with 4-6 items. Checkmarks on completion. Progress percentage. CTA for next incomplete item.","Dashboard onboarding, account setup, feature adoption","Don't show completed items as disabled. Don't auto-remove completed items (user wants to see progress). Don't make checklist block main content.",Linear.app sidebar | Notion.so onboarding | Vercel.com dashboard
Mega Menu,navigation,enterprise saas minimal,"Dropdown with multiple columns. Categories, links, possibly featured content. Keyboard navigable.","Enterprise sites, complex products, multi-section marketing","Don't trigger on hover alone (add click/tap). Don't make it too wide (>800px). Don't hide sub-categories without visual cue.",GitHub.com nav | Atlassian nav | Notion.so nav
Mobile Bottom Sheet,navigation,minimal saas modern,"Slide-up panel from bottom. 3-5 options with icons. Drag handle at top. Tap outside to dismiss.","Mobile navigation, action menus, filter panels","Don't use for primary navigation (use bottom tab bar). Don't make content scrollable inside sheet (keep it short). Don't forget drag handle affordance.",Linear.app mobile | Figma.com mobile | iOS native patterns
Toast Stack,notifications,minimal saas enterprise,"Small cards at bottom-right or top-right. Auto-dismiss in 3-5s. Stacked vertically. Success/error/info variants.","Action feedback, success confirmation, non-critical alerts","Don't stack more than 3. Don't auto-dismiss errors (require manual dismiss). Don't use for critical alerts (use modal instead).",Linear.app toasts | Vercel.com notifications | Notion.so toasts
Notification Center,notifications,minimal enterprise saas,"Dropdown or sidebar panel. Grouped by date. Unread indicator badge. Mark all as read.","Activity feeds, team updates, system alerts","Don't show unread count >99 (show '99+'). Don't auto-refresh without visual cue. Don't mix notification types without grouping.",GitHub.com notifications | Linear.app inbox | Slack.com activity
Illustration + CTA,empty states,playful minimal saas,"Centered illustration (simple, on-brand). Headline explaining what goes here. CTA to take action.","No data yet, first-time experience, cleared state","Don't use complex illustrations (keep it simple). Don't use 'Nothing here' without explanation. Don't forget the CTA — user needs next step.",Linear.app empty states | Notion.so empty pages | Vercel.com empty dashboard
Search + Suggestion,empty states,minimal saas enterprise,"Search bar at center. Below: suggested actions or popular content. Helps user find what they need.","Search results, filtered views, discovery pages","Don't show zero results without alternatives. Don't make search the only option (add suggestions). Don't forget to clear previous search state.",GitHub.com empty repos | Linear.app search | Figma.com community
Data Table with Filters,data,enterprise saas minimal,"Table with sortable columns. Filter bar above. Pagination or infinite scroll. Row hover highlight.","Admin panels, list views, data management","Don't make columns too narrow. Don't hide filters behind a button (show them). Don't use pagination >100 pages (switch to search).",GitHub.com repos list | Linear.app issues | Stripe.com payments
Stat Cards Row,data,minimal saas enterprise,"3-5 cards in a row. Each: number (large), label (small), trend indicator (up/down arrow).","Dashboard overview, KPI display, analytics summary","Don't use more than 5 cards. Don't make numbers too small (<24px). Don't forget trend direction (up = good/green, down = bad/red).",Linear.app dashboard | Vercel.com analytics | Stripe.com dashboard
Timeline / Activity Feed,data,minimal enterprise saas,"Vertical timeline with timestamps. Each entry: icon, title, description, time. Alternating or left-aligned.","Activity logs, changelog, audit trail","Don't use for >50 items without virtual scrolling. Don't make timestamps too prominent (use relative time). Don't forget to handle 'loading more' state.",GitHub.com commit history | Linear.app activity | Notion.so page history
